[
  {
    "_id": "65f46d026a3c4ceb1d5ebcb9",
    "index": 0,
    "guid": "531c906f-3690-4360-82b9-5f97313b2c38",
    "isActive": true,
    "balance": "$1,655.12",
    "picture": "http://placehold.it/32x32",
    "age": 35,
    "eyeColor": "green",
    "name": "Alyson Cunningham",
    "gender": "female",
    "company": "PREMIANT",
    "email": "alysoncunningham@premiant.com",
    "phone": "+1 (882) 501-2189",
    "address": "614 Coleridge Street, Neahkahnie, Hawaii, 8551",
    "about": "Elit ea eiusmod excepteur ex elit ex eiusmod incididunt ipsum. Duis ad labore velit amet exercitation quis nostrud cupidatat aliqua aute. Nisi deserunt cillum esse dolor qui tempor anim pariatur nostrud. Ipsum nostrud enim in cillum ipsum deserunt aute elit quis voluptate laborum. Do aliqua tempor nisi est reprehenderit amet est ad ea. Consectetur amet nostrud incididunt Lorem magna esse et nulla aute exercitation.\r\n",
    "registered": "2023-02-12T09:31:22 +02:00",
    "latitude": 57.611195,
    "longitude": 171.506573,
    "tags": [
      "quis",
      "ipsum",
      "mollit",
      "mollit",
      "nisi",
      "consectetur",
      "ipsum"
    ],
    "friends": [
      {
        "id": 0,
        "name": "Dean Bond"
      },
      {
        "id": 1,
        "name": "Rocha Watts"
      },
      {
        "id": 2,
        "name": "Abigail Daniels"
      }
    ],
    "greeting": "Hello, Alyson Cunningham! You have 7 unread messages.",
    "favoriteFruit": "banana"
  },
  {
    "_id": "65f46d02df5e71f214c8e59f",
    "index": 1,
    "guid": "1440ca1a-f3ec-4e76-81b8-7650e486a933",
    "isActive": false,
    "balance": "$3,457.53",
    "picture": "http://placehold.it/32x32",
    "age": 36,
    "eyeColor": "green",
    "name": "Alyson Cunningham",
    "gender": "male",
    "company": "IMMUNICS",
    "email": "gilmorejohns@immunics.com",
    "phone": "+1 (965) 425-3990",
    "address": "542 Sackman Street, Chical, Virgin Islands, 896",
    "about": "Velit minim consectetur enim pariatur nulla amet reprehenderit anim ea amet non incididunt incididunt. Aliquip incididunt labore deserunt fugiat irure id magna et est pariatur id est culpa. Dolore nostrud sint commodo reprehenderit nisi est est incididunt. Culpa fugiat pariatur laborum non minim tempor eiusmod id ea. Reprehenderit fugiat anim occaecat aliqua commodo. Sint ut irure laborum enim irure anim. Dolor est esse cupidatat sint aute Lorem nostrud.\r\n",
    "registered": "2022-04-16T04:09:48 +02:00",
    "latitude": -9.807851,
    "longitude": 77.783076,
    "tags": [
      "proident",
      "irure",
      "ex",
      "cillum",
      "dolor",
      "qui",
      "culpa"
    ],
    "friends": [
      {
        "id": 0,
        "name": "Ursula Nolan"
      },
      {
        "id": 1,
        "name": "Katelyn York"
      },
      {
        "id": 2,
        "name": "Catalina Perkins"
      }
    ],
    "greeting": "Hello, Gilmore Johns! You have 2 unread messages.",
    "favoriteFruit": "apple"
  },
  {
    "_id": "65f46d02c209c9c7109a3f68",
    "index": 2,
    "guid": "de3355ad-e74b-467e-8487-c1e9af9ca09a",
    "isActive": false,
    "balance": "$2,060.87",
    "picture": "http://placehold.it/32x32",
    "age": 29,
    "eyeColor": "brown",
    "name": "Marla Craig",
    "gender": "female",
    "company": "BALUBA",
    "email": "marlacraig@baluba.com",
    "phone": "+1 (885) 546-3748",
    "address": "279 Baycliff Terrace, Glasgow, South Carolina, 6605",
    "about": "Consequat magna do duis consequat sit sint ullamco. Exercitation aute reprehenderit ipsum anim exercitation qui elit. Ut sint veniam velit in duis ipsum adipisicing elit laborum pariatur non quis pariatur. Lorem nisi ad consectetur reprehenderit ut non. Ad non veniam aliqua id ex enim exercitation reprehenderit qui. Minim consectetur occaecat et sunt ex Lorem. Magna pariatur sint sit nulla exercitation irure deserunt officia nisi exercitation ex ipsum commodo.\r\n",
    "registered": "2020-03-21T05:17:18 +02:00",
    "latitude": -37.473702,
    "longitude": 173.677505,
    "tags": [
      "eu",
      "nisi",
      "occaecat",
      "enim",
      "eu",
      "anim",
      "non"
    ],
    "friends": [
      {
        "id": 0,
        "name": "Alyssa Simmons"
      },
      {
        "id": 1,
        "name": "Mueller Walton"
      },
      {
        "id": 2,
        "name": "Deena Bartlett"
      }
    ],
    "greeting": "Hello, Marla Craig! You have 4 unread messages.",
    "favoriteFruit": "strawberry"
  }
]